mode,annual_days,storage_capacity_mwh,storage_power_mw,annual_ammonia_t,annual_capacity_utilization,annual_total_cost_yuan,annual_average_ton_cost_yuan_per_t,annual_renewable_mwh,annual_curtailment_mwh,annual_renewable_utilization,annual_regular_shed_mwh,annual_regular_supply_ratio,annual_served_load_mwh,annual_demand_load_mwh,annual_green_demand_supply_ratio,energy_autonomous_days,full_production_days,display_mode,annual_wind_cost_yuan,annual_pv_cost_yuan,annual_alk_om_yuan,annual_pem_om_yuan,annual_ammonia_om_yuan,annual_total_cost_check_yuan,annual_storage_capital_yuan,annual_storage_om_yuan,annual_purchase_cost_yuan,annual_sale_revenue_yuan,annual_purchase_mwh,annual_sale_mwh,annual_self_use_mwh,annual_self_use_ratio,annual_green_power_ratio,annual_sale_ratio,grid_support_value_total_yuan,grid_support_value_yuan_per_t
offgrid_no_storage,360,0.0,0.0,9781.55739759036,0.37737489959839354,39677061.22004819,4056.3132850217125,171351.12000000002,14188.667999999998,0.9171953588631343,8.291999999999993,0.9996206631532718,157162.45200000002,157170.744,0.9999472420897875,300.0,0.0,离网无储能,14012748.0,9351936.0,6521038.265060241,9781557.397590362,9781.55739759036,39677061.22004819,0.0,0.0,0.0,0.0,,,,,,,7337667.113925286,735.8078183859635
offgrid_storage,360,5.0,5.0,9972.260324741965,0.3847322656150449,40352475.632851675,4046.472346167498,171351.12000000002,11280.739207701976,0.9341659441286292,0.0,1.0,159808.80115893052,159808.80115893052,1.0,360.0,0.0,离网+储能,14012748.0,9351936.0,6648173.549827976,9972260.324741963,9972.260324741965,40352475.632851675,333333.3333333334,24052.164623652887,0.0,0.0,,,,,,,7337667.113925286,735.8078183859635
grid_connected_same_production,360,,,9972.260324925222,0.38473226562211504,33014808.51892639,3310.6645277206953,171351.12000000002,,,,,,,,,,并网同产量,14012748.0,9351936.0,6648173.549950149,9972260.324925222,9972.260324925222,33014808.51892639,0.0,0.0,25278422.963504836,32258704.579778746,73820.75228827348,85363.07112934306,85988.04887065696,0.501823675682172,0.5380682931459917,0.49817632431782793,7337667.113925286,735.8078183859635
