scheme,epsilon_curtailment_rate,storage_capacity_mwh,storage_power_mw,daily_ammonia_t,curtailment_mwh,curtailment_rate,renewable_utilization,ton_cost_yuan_per_t
弃电率不超过20%,0.2,5.0,5.0,46.76993022751289,168.14933110665777,0.19174903538580057,0.8082509646141994,4175.29822379066
弃电率不超过15%,0.15,40.0,40.0,49.03586808378074,129.14642979381165,0.14727208947846296,0.8527279105215371,4205.945748047125
弃电率不超过10%,0.1,80.0,80.0,51.62039883787169,84.40804211676837,0.09625468354927949,0.9037453164507205,4237.949717938736
弃电率不超过5%,0.05,120.0,120.0,54.19959269486189,39.467592531787794,0.04500685638868111,0.9549931436113189,4267.181342227137
弃电率不超过1%,0.01,150.0,150.0,56.13104107234986,5.624609384259152,0.006414021493606233,0.9935859785063937,4287.497029502789
零弃电,0.0,155.0,155.0,56.45064246517819,0.0,0.0,1.0,4290.846541653278
经济最优正储能,,5.0,5.0,46.76993022751289,168.14933110665777,0.19174903538580057,0.8082509646141994,4175.29822379066
最大日产氨/消纳优先,,155.0,155.0,56.45064246517819,0.0,0.0,1.0,4290.846541653278
