production_t_per_day,annual_days,annual_ammonia_t,annual_total_cost_yuan,annual_average_ton_cost_yuan_per_t,annual_total_load_mwh,annual_renewable_mwh,annual_purchase_mwh,annual_sale_mwh,annual_self_use_mwh,annual_self_use_ratio,annual_green_power_ratio,annual_sale_ratio,equipment_utilization,full_satisfied_scenarios,partial_satisfied_scenarios,none_satisfied_scenarios,full_satisfied_days,partial_satisfied_days,none_satisfied_days
72,360,25920.0,186174817.7385,7182.67043744213,380419.19999999995,171351.12,221146.79699999996,12078.716999999999,159272.403,0.929508969652489,0.41867603685618393,0.070491030347511,1.0,18,6,0,270,90,0
63,360,22680.0,145449704.4285,6413.12629755291,335599.20000000007,171351.12,176326.79700000002,12078.717,159272.403,0.929508969652489,0.4745911283459554,0.07049103034751102,0.875,20,4,0,300,60,0
54,360,19440.0,110107162.551,5663.948690895062,290779.20000000007,171351.12,137231.50199999998,17803.422,153547.698,0.896099762872866,0.5280559888740322,0.10390023712713403,0.75,16,8,0,240,120,0
45,360,16200.0,81141978.081,5008.764079074074,245959.2,171351.12,109563.64199999999,34955.562,136395.558,0.7960003879752872,0.5545454611984426,0.20399961202471276,0.625,16,8,0,240,120,0
36,360,12960.0,54554817.2205,4209.476637384259,201139.2,171351.12,91060.62299999999,61272.54299999998,110078.57700000002,0.6424152757215711,0.5472756031643757,0.3575847242784289,0.5,11,13,0,165,195,0
