production_t_per_day,ton_cost_min,ton_cost_mean,ton_cost_median,ton_cost_max,purchase_mwh_mean,purchase_mwh_min,purchase_mwh_max,sale_mwh_mean,sale_mwh_min,sale_mwh_max,self_use_ratio_mean,green_power_ratio_mean,sale_ratio_mean
72,4890.300352777778,7182.670437442129,7405.065269444444,9273.244325,614.2966583333333,353.50199999999995,886.7760000000001,33.55199166666667,0.0,173.706,0.9562781576700136,0.418676036856184,0.0437218423299864
63,3884.0929269841276,6413.12629755291,6638.998403174603,8774.060180952381,489.79665833333337,229.0020000000001,762.2760000000001,33.55199166666667,0.0,173.706,0.9562781576700136,0.47459112834595557,0.04372184232998641
54,3214.422559259259,5663.948690895061,5879.129775925927,8108.481322222223,381.1986166666666,189.5184,637.776,49.45395,0.0,258.72239999999994,0.9357648986486042,0.5280559888740323,0.0642351013513957
45,2478.250404444445,5008.764079074074,5060.931374444444,7566.282653333334,304.34345,189.5184,513.276,97.09878333333332,0.0,383.2223999999999,0.8646337610578031,0.5545454611984427,0.13536623894219693
36,1373.9921722222223,4209.476637384259,4516.2247847222225,6940.344983333333,252.94617500000004,189.51839999999999,388.77600000000007,170.2015083333333,0.0,507.7224,0.7344309676804069,0.5472756031643757,0.2655690323195931
