production_t_per_day,annual_days,annual_ammonia_t,annual_total_cost_yuan,annual_average_ton_cost_yuan_per_t,annual_purchase_mwh,annual_sale_mwh,full_satisfied_scenarios,partial_satisfied_scenarios,none_satisfied_scenarios,full_satisfied_days,partial_satisfied_days,none_satisfied_days
72,360,25920.0,186174817.7385,7182.67043744213,221146.79699999996,12078.716999999999,18,6,0,270,90,0
63,360,22680.0,147947857.20749998,6523.274127314814,183462.12900000002,19214.049,14,10,0,210,150,0
54,360,19440.0,114883703.463,5909.655527932099,150249.858,30821.778,14,10,0,210,150,0
45,360,16200.0,85703120.2245,5290.316063240741,127977.495,53369.41499999999,1,23,0,15,345,0
36,360,12960.0,58239941.06099999,4493.822612731481,107277.552,77489.47200000001,0,24,0,0,360,0
