production_t_per_day,ton_cost_min,ton_cost_mean,ton_cost_median,ton_cost_max,purchase_mwh_mean,purchase_mwh_min,purchase_mwh_max,sale_mwh_mean,sale_mwh_min,sale_mwh_max,self_use_ratio_mean,green_power_ratio_mean,sale_ratio_mean
72,4890.300352777778,7182.670437442129,7405.065269444444,9273.244325,614.2966583333333,353.50199999999995,886.7760000000001,33.55199166666667,0.0,173.706,0.9562781576700136,0.418676036856184,0.0437218423299864
63,4002.4750698412704,6523.274127314814,6761.3022436507945,8796.67188095238,509.617025,246.832,765.6318,53.37235833333333,3.3558,192.50639999999999,0.913000675270947,0.45332965930788865,0.0869993247290531
54,3212.0247092592595,5909.655527932099,6199.724962037037,8228.113283333334,417.36071666666663,188.95420000000001,652.9942,85.61605000000002,15.2182,258.15819999999997,0.8369997009026141,0.4832854000561251,0.16300029909738595
45,2475.3729844444442,5290.316063240741,5561.467184444444,7704.12636,355.4930416666666,188.95420000000001,550.1264,148.248375,36.8504,382.65819999999997,0.7114157738612734,0.47967998350946006,0.28858422613872664
36,1370.3953972222225,4493.822612731482,4772.061409722222,7125.158641666667,297.9932,188.95420000000001,427.5886,215.2485333333333,38.8126,507.15819999999997,0.5874703635131286,0.4666502004581901,0.41252963648687135
